Plnt;Plant Name;PN;Old material no.;Material Description;SLoc;Description;Total stck; ValStockValue; usd ;curr;idr
2001;CP Balikpapan Branch;226-10.00-20 GT;226-10.00-20 GT;10.00 - 20 GT MILLER;109;CP TRD BPN;;;;;3157872,778
2001;CP Balikpapan Branch;209-1100R20ETFN;209-1100R20ETFN;11.00 R 20 ETFN;;CP TRD BPN;;;;;4164312,273
2001;CP Balikpapan Branch;209-1100R20ETOT18;209-1100R20ETOT18;11.00 R 20 ETOT;;CP TRD BPN;;;;;5847093,333
2001;CP Balikpapan Branch;226-1100-20 GT-SG;226-1100-20 GT-SG;11.00-20 18PR SUPER GRIP;;CP TRD BPN;;;;;4360948,182
2001;CP Balikpapan Branch;226-1100-20 GT 88N;226-1100-20 GT 88N;11.00-20 GT MILLER 88N 16PR;;CP TRD BPN;;;;;3948760
2001;CP Balikpapan Branch;209-1200R24ETOT20;209-1200R24ETOT20;12.00 R 24 ETOT;;CP TRD BPN;;;;;6487285
2001;CP Balikpapan Branch;209-1200R24 24PR;209-1200R24 24PR;12.00 R 24 ETOT 24PR TT;;CP TRD BPN;;;;;6214580
2001;CP Balikpapan Branch;208-3420000886;208-3420000886;12.00 R 24 MAXAM MS401**TL;;CP TRD BPN;;;;;4487112,105
2001;CP Balikpapan Branch;226-GT-12.00-24;226-GT-12.00-24;12.00-24 GT SUPER GRIP;;CP TRD BPN;;;;;5565228,182
2001;CP Balikpapan Branch;200-573252;200-573252;14.00 R 20 XZL+TL 164/161J MI;;CP TRD BPN;;;;;12119810
2001;CP Balikpapan Branch;208-3420001138;208-3420001138;14.00R25 MS419 MAXAM;;CP TRD BPN;;;;;14119281,08
2001;CP Balikpapan Branch;226-40118040;226-40118040;16.00 R 25 DM668+ TL LL E-4 S1;;CP TRD BPN;;;;;16143310,5
2001;CP Balikpapan Branch;208-3420001423;208-3420001423;16.00R25 MS419 MAXAM;;CP TRD BPN;;;;;18020228,85
2001;CP Balikpapan Branch;200-123317;200-123317;17.5 R 25 XLD D2 A TL *;;CP TRD BPN;;;;;45477210
2001;CP Balikpapan Branch;226-18.00-22.5;226-18.00-22.5;18.00-22.5 TYRE;;CP TRD BPN;;;;;15619713,33
2001;CP Balikpapan Branch;200-899613;200-899613;20.5 R 25 XHA2 TL;;CP TRD BPN;;;;;48376675,91
2001;CP Balikpapan Branch;200-123054;200-123054;23.5 R 25 XH A TL *;;CP TRD BPN;;;;;64528626,34
2001;CP Balikpapan Branch;200-139147;200-139147;23.5 R 25 XHA2 TL;;CP TRD BPN;;;;;64193854,55
2001;CP Balikpapan Branch;200-123326;200-123326;23.5 R 25 XLD D2 A TL *;;CP TRD BPN;;;;;101414994,6
2001;CP Balikpapan Branch;266-4007112190000;266-4007112190000;23.5R25 201A2 EMR 1051 TL;;CP TRD BPN;;;;;38679250
2001;CP Balikpapan Branch;200-302244;200-302244;24.00 R 35 XTRA LOAD GRIP B E4;;CP TRD BPN;;;;;134012793,5
2001;CP Balikpapan Branch;200-388190;200-388190;24.00 R 35 XTRA LOAD PROTECT A4;;CP TRD BPN;;;;;138143348,9
2001;CP Balikpapan Branch;200-123094;200-123094;26.5 R 25 XLD D2 A TL *;;CP TRD BPN;;;;;126668785
2001;CP Balikpapan Branch;226-40118040;226-40118040;27.00 R 49 MIX TRAXTION;;CP TRD BPN;;;;;110341152
2001;CP Balikpapan Branch;260-2700R49-RT4A;260-2700R49-RT4A;27.00 R 49 RT-4A+**4HL E4 RL TL;;CP TRD BPN;;;;;190619725
2001;CP Balikpapan Branch;200-047262;200-047262;27.00 R 49 XD GRIP B E4T TL **;;CP TRD BPN;;;;;212876943,5
2001;CP Balikpapan Branch;200-764857;200-764857;27.00 R 49 XDR3 B E4R TL ***;;CP TRD BPN;;;;;218531725,7
2001;CP Balikpapan Branch;200-940473;200-940473;29.5 R 25 XTRA DEFEND E4 TL 200B;;CP TRD BPN;;;;;99971772,5
2001;CP Balikpapan Branch;200-708648;200-708648;29.5 R 29 XTS TL **;;CP TRD BPN;;;;;122126621,1
2001;CP Balikpapan Branch;266-2000044440101;266-2000044440101;29.5R25 200B/216A2 EMR 1042 TL;;CP TRD BPN;;;;;54192486,67
2001;CP Balikpapan Branch;226-1200R24 GAO;226-1200R24 GAO;325/95 R 24 22PR GAO822;;CP TRD BPN;;;;;6462544,333
2001;CP Balikpapan Branch;200-674334;200-674334;325/95R24 X WORKS Z2 162/160K VG MI;;CP TRD BPN;;;;;7121980
2001;CP Balikpapan Branch;200-884959;200-884959;33.00 R 51 XDR3 B E4R TL **;;CP TRD BPN;;;;;452858322,6
2001;CP Balikpapan Branch;200-123961;200-123961;33.00 R 51 XDT B E4T TL **;;CP TRD BPN;;;;;350434242,3
2001;CP Balikpapan Branch;200-169990;200-169990;35/65 R 33 XTRA POWER L5;;CP TRD BPN;;;;;234117277,3
2001;CP Balikpapan Branch;200-651752;200-651752;37.00 R 57 XDR3 B E4R TL**;;CP TRD BPN;;;;;502969261,4
2001;CP Balikpapan Branch;200-733149;200-733149;45/65 R 45 XLD D1A L4 TL ** 244A2;;CP TRD BPN;;;;;497662080
2001;CP Balikpapan Branch;240-BB054913;240-BB054913;49 BEADSEAT BAND WITH SURE LOCK;;CP TRD BPN;;;;;7137500
2001;CP Balikpapan Branch;240-SR505102;240-SR505102;"51"" - 5.0"" SIDE RING  - 131MM";;CP TRD BPN;;;;;7168857,5
2001;CP Balikpapan Branch;240-BB055102;240-BB055102;"51"" - 7.5"" STD BEAD SEAT BAND EU";;CP TRD BPN;;;;;11508910,53
2001;CP Balikpapan Branch;240-LR055113;240-LR055113;"51"" 1 PIECE STD LOCK RING EU PROFILE";;CP TRD BPN;;;;;3177744,615
2001;CP Balikpapan Branch;240-WB5124510;240-WB5124510;"51"" x 24"" CAT 785 WHEEL BASE";;CP TRD BPN;;;;;31247955
2001;CP Balikpapan Branch;240-SR6057AS;240-SR6057AS;"57"" - 6.0"" SIDE RING";;CP TRD BPN;;;;;8883076,111
2001;CP Balikpapan Branch;240-LR055727;240-LR055727;"57"" LOCK RING";;CP TRD BPN;;;;;4032230
2001;CP Balikpapan Branch;200-110204;200-110204;6.00 R 9 XZM TL;;CP TRD BPN;;;;;4045915
2001;CP Balikpapan Branch;200-118804;200-118804;7.50 R 16 121L AGILIS HD;;CP TRD BPN;;;;;2313870
2001;CP Balikpapan Branch;226-7.50-16GT S88N;226-7.50-16GT S88N;7.50-16 /14 S88N HD;;CP TRD BPN;;;;;1542217,027
2001;CP Balikpapan Branch;253-AHP-20H;253-AHP-20H;8 FOOT HOSE WITH COUPLER FOR HYD. PUMP;;CP TRD BPN;;;;;1376915
2001;CP Balikpapan Branch;200-110218;200-110218;8.25 R 15 XZM TL 153 A5;;CP TRD BPN;;;;;10739835
2001;CP Balikpapan Branch;253-H-4660A;253-H-4660A;AIR CHUCK - LARGE BORE;;CP TRD BPN;;;;;318055,8333
2001;CP Balikpapan Branch;253-HE-343;253-HE-343;AIRFLEX VALVE EXTENSION;;CP TRD BPN;;;;;207888,3636
2001;CP Balikpapan Branch;253-OTR-1825;253-OTR-1825;BEAD BREAKER;;CP TRD BPN;;;;;14457820
2001;CP Balikpapan Branch;240-BB053501;240-BB053501;BEAD SEAT BAND 35 WITH SURE LOCK;;CP TRD BPN;;;;;5406667,857
2001;CP Balikpapan Branch;240-800-990-042;240-800-990-042;BEAD SEAT BAND 57 SURELOCK;;CP TRD BPN;;;;;12845464,44
2001;CP Balikpapan Branch;270-60020121;270-60020121;BUSHING-BTM DRIVE GEAR;;CP TRD BPN;;;;;1571820
2001;CP Balikpapan Branch;270-60020122;270-60020122;BUSHING-BTM PINION GEAR;;CP TRD BPN;;;;;3022770
2001;CP Balikpapan Branch;270-60020120;270-60020120;BUSHING-TOP DRIVE GEAR;;CP TRD BPN;;;;;3345090
2001;CP Balikpapan Branch;270-60020124;270-60020124;BUSHING-TOP INTMD GEAR;;CP TRD BPN;;;;;5833720
2001;CP Balikpapan Branch;253-T-81;253-T-81;CLAMP-IN SPUD;;CP TRD BPN;;;;;91009,5
2001;CP Balikpapan Branch;253-BBH-10;253-BBH-10;COMBI BEAD BREAKER;;CP TRD BPN;;;;;15226220
2001;CP Balikpapan Branch;253-Z-10;253-Z-10;CORE HOUSING COMPLETE WITH CORE & CAP;;CP TRD BPN;;;;;244064,75
2001;CP Balikpapan Branch;255-CRP45;255-CRP45;CRP-45;;CP TRD BPN;;;;;122015,4483
2001;CP Balikpapan Branch;253-WHG-8018VC;253-WHG-8018VC;CUSTOM BENT SWIVEL VALVES & EXTENSION;;CP TRD BPN;;;;;573822,1212
2001;CP Balikpapan Branch;253-WHG-8019VC;253-WHG-8019VC;CUSTOM BENT SWIVEL VALVES & EXTENSION;;CP TRD BPN;;;;;392330,4348
2001;CP Balikpapan Branch;253-GA-300-377;253-GA-300-377;DIAL AIR GAUGE;;CP TRD BPN;;;;;4141710
2001;CP Balikpapan Branch;253-N-1055;253-N-1055;DIAL GAUGE;;CP TRD BPN;;;;;676629,0244
2001;CP Balikpapan Branch;253-I-515-12;253-I-515-12;DIAL GAUGE INFLATOR;;CP TRD BPN;;;;;1790780
2001;CP Balikpapan Branch;253-I-615-12;253-I-615-12;DIAL GAUGE INFLATOR 12';;CP TRD BPN;;;;;3217672,703
2001;CP Balikpapan Branch;253-CH-355-LO;253-CH-355-LO;DUAL FOOT AIR CHUCK;;CP TRD BPN;;;;;206347,0968
2001;CP Balikpapan Branch;253-CH-333LO;253-CH-333LO;DUAL FOOT AIR CHUCK 14;;CP TRD BPN;;;;;168814,4737
2001;CP Balikpapan Branch;253-GA-155S;253-GA-155S;DUAL FOOT GAUGE >METAL 20-150;;CP TRD BPN;;;;;196622
2001;CP Balikpapan Branch;253-GA-165;253-GA-165;DUAL FOOT TRUCK SERVICE GAUGE GA-165;;CP TRD BPN;;;;;219076,875
2001;CP Balikpapan Branch;253-I-404;253-I-404;DUAL HOSE INFLATOR;;CP TRD BPN;;;;;3120605
2001;CP Balikpapan Branch;253-753S-10;253-753S-10;EXTENTION FLEXIBLE 753S-10;;CP TRD BPN;;;;;233378,5185
2001;CP Balikpapan Branch;226-F1400-24;226-F1400-24;FLAP 14.00-24;;CP TRD BPN;;;;;153255
2001;CP Balikpapan Branch;226-GP-F16M;226-GP-F16M;FLAP 16 M GRANDPRIX;;CP TRD BPN;;;;;22025,625
2001;CP Balikpapan Branch;226-101124;226-101124;FLAP 16.00 R 25 LANDMARCH;;CP TRD BPN;;;;;534170
2001;CP Balikpapan Branch;226-KRC-F20R;226-KRC-F20R;FLAP 20R KRC;;CP TRD BPN;;;;;63398,66667
2001;CP Balikpapan Branch;226-GP-F24XL;226-GP-F24XL;FLAP 24 R XL GRANDPRIX;;CP TRD BPN;;;;;142063,3333
2001;CP Balikpapan Branch;253-810F-40;253-810F-40;FLEXIBLE EXTENTION;;CP TRD BPN;;;;;947041,0638
2001;CP Balikpapan Branch;253-810F-32;253-810F-32;FLEXIBLE VALVE EXTENSION 810F-32;;CP TRD BPN;;;;;688080,6667
2001;CP Balikpapan Branch;253-810F-46;253-810F-46;FLEXIBLE VALVE EXTENSION 810F-46;;CP TRD BPN;;;;;1350276
2001;CP Balikpapan Branch;270-73054614;270-73054614;FLOW DIVIDER CLAMP CYLINDERS;;CP TRD BPN;;;;;5561720
2001;CP Balikpapan Branch;253-TL-690;253-TL-690;FOUR WAY LARGE BORE CORE TOOL;;CP TRD BPN;;;;;351526
2001;CP Balikpapan Branch;270-71056074;270-71056074;GEAR DRIVE 301-10068-1;;CP TRD BPN;;;;;56523470
2001;CP Balikpapan Branch;270-71056264;270-71056264;GEAR INTMD 301-10103-1;;CP TRD BPN;;;;;24232650
2001;CP Balikpapan Branch;270-71056627;270-71056627;GEAR TRNTBL BRG 44905183-2 INDUHARDENED;;CP TRD BPN;;;;;58876780
2001;CP Balikpapan Branch;270-71056073;270-71056073;GEAR-PINION 301-10052-1;;CP TRD BPN;;;;;41179270
2001;CP Balikpapan Branch;253-I-401;253-I-401;HEAVY DUTY L/BORE INFLATOR;;CP TRD BPN;;;;;2352087,925
2001;CP Balikpapan Branch;253-T-48A;253-T-48A;HEAVY-DUTY LOCK RING TOOL;;CP TRD BPN;;;;;1203512,258
2001;CP Balikpapan Branch;253-AHP-15;253-AHP-15;HYDRAULIC PUMP;;CP TRD BPN;;;;;13975870
2001;CP Balikpapan Branch;253-AHP-20;253-AHP-20;HYDRAULIC PUMP;;CP TRD BPN;;;;;13149755
2001;CP Balikpapan Branch;253-T-26B;253-T-26B;IMPACT BEAD BREAKER;;CP TRD BPN;;;;;4645207,5
2001;CP Balikpapan Branch;200-553202;200-553202;JOINT TORIQUE OR 3-29 SULKY R1439;;CP TRD BPN;;;;;236045
2001;CP Balikpapan Branch;253-LR-35;253-LR-35;L - RING SEAL 35;;CP TRD BPN;;;;;419985
2001;CP Balikpapan Branch;253-LR-49;253-LR-49;L - RING SEAL 49;;CP TRD BPN;;;;;468059,3548
2001;CP Balikpapan Branch;253-A-149;253-A-149;LARGE BORE HEX VALVE CAP;;CP TRD BPN;;;;;26278,4009
2001;CP Balikpapan Branch;253-TL-685;253-TL-685;LARGE BORE/STANDARD BORE TOOL;;CP TRD BPN;;;;;32822,39583
2001;CP Balikpapan Branch;250-4004;250-4004;LITTLE ROUND;;CP TRD BPN;;;;;4325,555556
2001;CP Balikpapan Branch;240-LR054901;240-LR054901;LOCK RING 49;;CP TRD BPN;;;;;1323450
2001;CP Balikpapan Branch;253-CH-300;253-CH-300;LOCK-ON AIR CHUCK;;CP TRD BPN;;;;;116563,3333
2001;CP Balikpapan Branch;253-377;253-377;LOCK-ON AIR CHUCK LONG;;CP TRD BPN;;;;;373702,5
2001;CP Balikpapan Branch;253-GA-276;253-GA-276;MASTER GAUGE WITH LONG HOSE;;CP TRD BPN;;;;;956210,9836
2001;CP Balikpapan Branch;253-5674210001;253-5674210001;MOUNTING COMPOUND 18 KG/PAIL;;CP TRD BPN;;;;;865194,7619
2001;CP Balikpapan Branch;250-5169214;250-5169214;MTR SOLUTION;;CP TRD BPN;;;;;559130
2001;CP Balikpapan Branch;253-OR-224-TG;253-OR-224-TG;O-RING 2-24;;CP TRD BPN;;;;;50216,34146
2001;CP Balikpapan Branch;253-OR-225T;253-OR-225T;O-RING 2-25;;CP TRD BPN;;;;;56250,81505
2001;CP Balikpapan Branch;253-OR-325T;253-OR-325T;O-RING 3-25;;CP TRD BPN;;;;;80409,18171
2001;CP Balikpapan Branch;253-OR-335T;253-OR-335T;O-RING 3-35;;CP TRD BPN;;;;;105342,8241
2001;CP Balikpapan Branch;253-OR-349T;253-OR-349T;O-RING 3-49;;CP TRD BPN;;;;;138958,0833
2001;CP Balikpapan Branch;253-OR-349-M;253-OR-349-M;O-RING 3-49 M;;CP TRD BPN;;;;;107210,1976
2001;CP Balikpapan Branch;253-OR-451T;253-OR-451T;O-RING 4-51;;CP TRD BPN;;;;;271347,2
2001;CP Balikpapan Branch;252-EX-OR-457-T;252-EX-OR-457-T;ORING 4-57;;CP TRD BPN;;;;;189720
2001;CP Balikpapan Branch;253-N-1410;253-N-1410;OTR TREAD DEPTH GAUGE-PREMIUM;;CP TRD BPN;;;;;1354270
2001;CP Balikpapan Branch;250-CRP12;250-CRP12;PATCH CRP-12;;CP TRD BPN;;;;;26333
2001;CP Balikpapan Branch;250-5958968;250-5958968;PENCIL BUFFER - 5958968;;CP TRD BPN;;;;;759135
2001;CP Balikpapan Branch;253-A-100-VC-8;253-A-100-VC-8;PLASTIC DOME VALVE CAP;;CP TRD BPN;;;;;385,6571429
2001;CP Balikpapan Branch;253-N-1420H;253-N-1420H;PREMIUM TRUCK DEPTH GAUGE;;CP TRD BPN;;;;;330499,3182
2001;CP Balikpapan Branch;270-72531826;270-72531826;REDUCER BUSHING 1/4 1/8NPT;;CP TRD BPN;;;;;49640
2001;CP Balikpapan Branch;253-H-41;253-H-41;RIM SPUD H-41;;CP TRD BPN;;;;;49755,16129
2001;CP Balikpapan Branch;253-A-148;253-A-148;SCREWDIVER VALVE CAP;;CP TRD BPN;;;;;22015
2001;CP Balikpapan Branch;270-9C160920;270-9C160920;SEAL KIT 9C160920;;CP TRD BPN;;;;;7039020
2001;CP Balikpapan Branch;270-94399214;270-94399214;SEAL KIT, SEALS BETWEEN SECTIONS;;CP TRD BPN;;;;;6160502,5
2001;CP Balikpapan Branch;240-SR-4049;240-SR-4049;SIDE RING 49;;CP TRD BPN;;;;;5537438,333
2001;CP Balikpapan Branch;240-900115135;240-900115135;"SIDE RING 49"" VOLVO R100";;CP TRD BPN;;;;;5142755
2001;CP Balikpapan Branch;253-49-J-654;253-49-J-654;SINGLE BAND VALVE;;CP TRD BPN;;;;;249095,3333
2001;CP Balikpapan Branch;270-60030128;270-60030128;SLIDE PAD;;CP TRD BPN;;;;;7051600
2001;CP Balikpapan Branch;253-TV-413;253-TV-413;SNAP-IN TYRE VALVE TV-413;;CP TRD BPN;;;;;6923,636364
2001;CP Balikpapan Branch;250-5159389;250-5159389;SPECIAL CEMENT;;CP TRD BPN;;;;;501281,4286
2001;CP Balikpapan Branch;253-WHG-5112VC;253-WHG-5112VC;SPECIAL FORMED VALVE;;CP TRD BPN;;;;;709798,2716
2001;CP Balikpapan Branch;253-H-45;253-H-45;SPUD AND VALVE COMPLETED;;CP TRD BPN;;;;;183623,4483
2001;CP Balikpapan Branch;253-T-82;253-T-82;SPUD ASSEMBLY;;CP TRD BPN;;;;;103704,1975
2001;CP Balikpapan Branch;253-CH-350-LO;253-CH-350-LO;STANDARD BORE AIR CHUCK;;CP TRD BPN;;;;;158512,8571
2001;CP Balikpapan Branch;253-CH-360;253-CH-360;STANDARD BORE AIR CHUCK CH-360;;CP TRD BPN;;;;;172022,2917
2001;CP Balikpapan Branch;253-H-5265;253-H-5265;STANDARD BORE AIR CHUCK H-5265;;CP TRD BPN;;;;;164832
2001;CP Balikpapan Branch;253-A-100-VC-1;253-A-100-VC-1;STD BORE HEAT RESISTANT VALVE CORE T/B;;CP TRD BPN;;;;;2843,88664
2001;CP Balikpapan Branch;253-H-42;253-H-42;STRAIGHT VALVE H-42;;CP TRD BPN;;;;;146262,3333
2001;CP Balikpapan Branch;253-WH-55-2-1/2;253-WH-55-2-1/2;SWIVEL VALVE STEM;;CP TRD BPN;;;;;185895
2001;CP Balikpapan Branch;253-WH-300-J-650;253-WH-300-J-650;SWIVEL VALVE STEM ( 80 MM ) 80 DEG WH-30;;CP TRD BPN;;;;;203705,5357
2001;CP Balikpapan Branch;253-WH-54-6;253-WH-54-6;SWIVEL VALVE STEM WH-54-6;;CP TRD BPN;;;;;251634
2001;CP Balikpapan Branch;253-WHG-1450VC;253-WHG-1450VC;SWIVEL VALVE WHG-1450VC;;CP TRD BPN;;;;;654336,5385
2001;CP Balikpapan Branch;253-M-1900-08;253-M-1900-08;SWIVEL VALVE WITH R-520 & T-81;;CP TRD BPN;;;;;701832,8571
2001;CP Balikpapan Branch;253-TL-680;253-TL-680;THREE WAY LARGE BORE TOOL;;CP TRD BPN;;;;;211641,1688
2001;CP Balikpapan Branch;253-T-45A;253-T-45A;TIRE MOUNT / DEMOUNT TOOL;;CP TRD BPN;;;;;1224850
2001;CP Balikpapan Branch;253-WH-75-J662;253-WH-75-J662;TRIPLE BEND SWIVEL VALVE;;CP TRD BPN;;;;;411598,3333
2001;CP Balikpapan Branch;253-T-23A;253-T-23A;TRUCK LOCK RING REMOVER;;CP TRD BPN;;;;;563380
2001;CP Balikpapan Branch;253-HE-373;253-HE-373;TRUCK VALVE EXTENTION;;CP TRD BPN;;;;;123639,5833
2001;CP Balikpapan Branch;270-60020123;270-60020123;TRUST WASH-BRZ 2.50X4.00X .31;;CP TRD BPN;;;;;1214735
2001;CP Balikpapan Branch;226-KRC-T1000-20;226-KRC-T1000-20;TUBE 10.00-20 KRC;;CP TRD BPN;;;;;237117,193
2001;CP Balikpapan Branch;226-KRC-T1100-20;226-KRC-T1100-20;TUBE 11.00-20 KRC;;CP TRD BPN;;;;;278526,758
2001;CP Balikpapan Branch;226-ASC-T1200-24;226-ASC-T1200-24;TUBE 12.00-24 ASCENDO;;CP TRD BPN;;;;;337868,1081
2001;CP Balikpapan Branch;226-KRC-T1200-24;226-KRC-T1200-24;TUBE 12.00-24 KRC;;CP TRD BPN;;;;;397592,4038
2001;CP Balikpapan Branch;226-101123;226-101123;TUBE 16.00 R 25 LANDMARCH;;CP TRD BPN;;;;;1510760
2001;CP Balikpapan Branch;226-T6.50/7.00-16;226-T6.50/7.00-16;TUBE 6.50/7.00-16;;CP TRD BPN;;;;;119425
2001;CP Balikpapan Branch;226-T7.00-12;226-T7.00-12;TUBE 7.00-12;;CP TRD BPN;;;;;151555
2001;CP Balikpapan Branch;226-KRCT700/750-16;226-KRCT700/750-16;TUBE 700/750-16 KRC;;CP TRD BPN;;;;;117726,5455
2001;CP Balikpapan Branch;226-GP-T750/825-16;226-GP-T750/825-16;TUBE 750/825-16 GRANDPRIX;;CP TRD BPN;;;;;138715,75
2001;CP Balikpapan Branch;226-KRC-T900-20;226-KRC-T900-20;TUBE 9.00-20 KRC;;CP TRD BPN;;;;;210560,2564
2001;CP Balikpapan Branch;250-5000067;250-5000067;TUBE PATCH NO.3;;CP TRD BPN;;;;;10831,42857
2001;CP Balikpapan Branch;250-5000108;250-5000108;TUBE PATCH NO.5;;CP TRD BPN;;;;;20669,16667
2001;CP Balikpapan Branch;253-R-764R;253-R-764R;TUBING CONNECTOR SLEEVE R-764R;;CP TRD BPN;;;;;10710
2001;CP Balikpapan Branch;253-T-47A;253-T-47A;TYRE LEVER 52 LENGTH;;CP TRD BPN;;;;;2980255,833
2001;CP Balikpapan Branch;253-A-155;253-A-155;Valve Cap A-155;;CP TRD BPN;;;;;48506,66667
2001;CP Balikpapan Branch;253-A-145;253-A-145;VALVE CORE;;CP TRD BPN;;;;;22508,36957
2001;CP Balikpapan Branch;253-SFE-400-7;253-SFE-400-7;VALVE EXTENTION ( 178 );;CP TRD BPN;;;;;618985
2001;CP Balikpapan Branch;253-TV-509;253-TV-509;VALVE FOR ALUMINIUM WHEELS;;CP TRD BPN;;;;;121210
2001;CP Balikpapan Branch;253-WHG-0570VC;253-WHG-0570VC;VALVE STEM REAR INNER;;CP TRD BPN;;;;;464910,7692
2001;CP Balikpapan Branch;253-TV-413CH;253-TV-413CH;VALVE TYRE CHROME;;CP TRD BPN;;;;;22304
2001;CP Balikpapan Branch;270-60030129;270-60030129;WEAR PAD 60030129;;CP TRD BPN;;;;;465630
2001;CP Balikpapan Branch;240-557-991-302;240-557-991-302;WHEEL 29.00X57 CAT 789;;CP TRD BPN;;;;;44397067,78
2001;CP Balikpapan Branch;240-MS 8.5 X 24 TT;240-MS 8.5 X 24 TT;WHEEL 8.5 - 24 TT MULTISTAR;;CP TRD BPN;;;;;1535814
2001;CP Balikpapan Branch;240-WB3517517;240-WB3517517;WHEEL BASE 35 (CAT 773 );;CP TRD BPN;;;;;17184450
2001;CP Balikpapan Branch;240-CPW173502;240-CPW173502;WHEEL BASE 35 (KOMATSU 465-7);;CP TRD BPN;;;;;17352533,1
2001;CP Balikpapan Branch;240-WB49195528;240-WB49195528;WHEEL BASE 49;;CP TRD BPN;;;;;25362277,63
2001;CP Balikpapan Branch;240-WB49195504;240-WB49195504;WHEEL BASE 49 (785-7);;CP TRD BPN;;;;;21812576,36
2001;CP Balikpapan Branch;253-FST012P;253-FST012P;WHEEL CHOCK;;CP TRD BPN;;;;;5902825
2001;CP Balikpapan Branch;240-J-8-5-24/85282;240-J-8-5-24/85282;WHEEL JANTSA 8.5-24/85282;;CP TRD BPN;;;;;4125805,556
2001;CP Balikpapan Branch;240-SR353503;240-SR353503;"WIDER SIDE RING 35"" - 78 mm";;CP TRD BPN;;;;;1907820,526
2001;CP Balikpapan Branch;240-SR404906;240-SR404906;"WIDER SIDE RING 49"" - 104 mm";;CP TRD BPN;;;;;4134582
2001;CP Balikpapan Branch;CTS;CTS;Chitra Tire System 1 Years + Installation;;CP TRD BPN;;;;;40000000
2001;CP Balikpapan Branch;SPM;SPM;SPM (TPMS CHITRA);;CP TRD BPN;;;;;27000000
